emited_energy,intensity
2450.0,52
2450.1,57
2450.2,51
2450.3,67
2450.4,66
2450.5,65
2450.6,55
2450.7,59
2450.8,63
2450.9,79
2451.0,56
2451.1,67
2451.2,57
2451.3,61
2451.4,56
2451.5,77
2451.6,65
2451.7,69
2451.8,58
2451.9,52
2452.0,63
2452.1,75
2452.2,65
2452.3,72
2452.4,60
2452.5,74
2452.6,62
2452.7,55
2452.8,65
2452.9,75
2453.0,76
2453.1,64
2453.2,71
2453.3,50
2453.4,51
2453.5,73
2453.6,66
2453.7,64
2453.8,63
2453.9,84
2454.0,72
2454.1,76
2454.2,54
2454.3,67
2454.4,71
2454.5,90
2454.6,68
2454.7,73
2454.8,76
2454.9,75
2455.0,73
2455.1,64
2455.2,80
2455.3,75
2455.4,73
2455.5,81
2455.6,69
2455.7,75
2455.8,62
2455.9,73
2456.0,73
2456.1,65
2456.2,73
2456.3,70
2456.4,63
2456.5,82
2456.6,80
2456.7,84
2456.8,75
2456.9,74
2457.0,78
2457.1,73
2457.2,71
2457.3,86
2457.4,91
2457.5,69
2457.6,91
2457.7,81
2457.8,85
2457.9,82
2458.0,91
2458.1,73
2458.2,84
2458.3,103
2458.4,85
2458.5,93
2458.6,100
2458.7,101
2458.8,106
2458.9,93
2459.0,77
2459.1,91
2459.2,103
2459.3,107
2459.4,98
2459.5,117
2459.6,134
2459.7,112
2459.8,106
2459.9,101
2460.0,110
2460.1,100
2460.2,120
2460.3,114
2460.4,129
2460.5,118
2460.6,125
2460.7,103
2460.8,127
2460.9,115
2461.0,126
2461.1,114
2461.2,133
2461.3,108
2461.4,135
2461.5,130
2461.6,135
2461.7,133
2461.8,132
2461.9,139
2462.0,136
2462.1,138
2462.2,155
2462.3,156
2462.4,153
2462.5,155
2462.6,144
2462.7,186
2462.8,157
2462.9,156
2463.0,175
2463.1,183
2463.2,179
2463.3,163
2463.4,183
2463.5,177
2463.6,184
2463.7,204
2463.8,201
2463.9,211
2464.0,214
2464.1,210
2464.2,213
2464.3,238
2464.4,207
2464.5,212
2464.6,251
2464.7,247
2464.8,278
2464.9,254
2465.0,278
2465.1,241
2465.2,266
2465.3,252
2465.4,285
2465.5,298
2465.6,305
2465.7,305
2465.8,301
2465.9,317
2466.0,341
2466.1,316
2466.2,364
2466.3,369
2466.4,400
2466.5,365
2466.6,409
2466.7,436
2466.8,449
2466.9,444
2467.0,473
2467.1,503
2467.2,511
2467.3,499
2467.4,629
2467.5,559
2467.6,588
2467.7,639
2467.8,661
2467.9,658
2468.0,616
2468.1,737
2468.2,761
2468.3,803
2468.4,860
2468.5,836
2468.6,975
2468.7,1036
2468.8,1119
2468.9,1136
2469.0,1261
2469.1,1225
2469.2,1358
2469.3,1514
2469.4,1556
2469.5,1649
2469.6,1868
2469.7,1879
2469.8,2018
2469.9,2213
2470.0,2415
2470.1,2619
2470.2,2846
2470.3,3040
2470.4,3345
2470.5,3390
2470.6,3405
2470.7,3760
2470.8,3957
2470.9,3912
2471.0,4127
2471.1,4003
2471.2,4152
2471.3,4314
2471.4,4176
2471.5,4250
2471.6,4197
2471.7,4272
2471.8,4186
2471.9,4178
2472.0,4103
2472.1,4181
2472.2,4225
2472.3,4018
2472.4,3966
2472.5,3895
2472.6,3925
2472.7,4014
2472.8,3815
2472.9,3948
2473.0,3888
2473.1,3856
2473.2,3891
2473.3,3777
2473.4,3743
2473.5,3787
2473.6,3678
2473.7,3579
2473.8,3576
2473.9,3494
2474.0,3368
2474.1,3375
2474.2,3348
2474.3,3337
2474.4,3220
2474.5,3208
2474.6,3161
2474.7,3044
2474.8,2966
2474.9,3012
2475.0,3025
2475.1,2947
2475.2,2923
2475.3,2798
2475.4,2933
2475.5,2812
2475.6,2920
2475.7,2844
2475.8,2881
2475.9,3000
2476.0,3049
2476.1,3101
2476.2,3137
2476.3,3071
2476.4,3226
2476.5,3321
2476.6,3274
2476.7,3374
2476.8,3298
2476.9,3476
2477.0,3364
2477.1,3405
2477.2,3456
2477.3,3559
2477.4,3427
2477.5,3449
2477.6,3608
2477.7,3577
2477.8,3599
2477.9,3585
2478.0,3563
2478.1,3488
2478.2,3529
2478.3,3532
2478.4,3567
2478.5,3517
2478.6,3502
2478.7,3479
2478.8,3613
2478.9,3516
2479.0,3525
2479.1,3483
2479.2,3512
2479.3,3470
2479.4,3462
2479.5,3576
2479.6,3431
2479.7,3604
2479.8,3548
2479.9,3532
2480.0,3451
2480.1,3547
2480.2,3472
2480.3,3503
2480.4,3532
2480.5,3474
2480.6,3399
2480.7,3434
2480.8,3486
2480.9,3628
2481.0,3626
2481.1,3463
2481.2,3440
2481.3,3640
2481.4,3483
2481.5,3400
2481.6,3355
2481.7,3474
2481.8,3482
2481.9,3454
2482.0,3435
2482.1,3450
2482.2,3512
2482.3,3397
2482.4,3562
2482.5,3497
2482.6,3468
2482.7,3454
2482.8,3420
2482.9,3480
2483.0,3506
2483.1,3434
2483.2,3371
2483.3,3540
2483.4,3514
2483.5,3400
2483.6,3390
2483.7,3385
2483.8,3407
2483.9,3486
2484.0,3412
2484.1,3455
2484.2,3417
2484.3,3420
2484.4,3446
2484.5,3408
2484.6,3463
2484.7,3486
2484.8,3494
2484.9,3377
2485.0,3584
2485.1,3586
2485.2,3475
2485.3,3518
2485.4,3439
2485.5,3414
2485.6,3563
2485.7,3482
2485.8,3586
2485.9,3489
2486.0,3526
2486.1,3546
2486.2,3486
2486.3,3481
2486.4,3527
2486.5,3577
2486.6,3488
2486.7,3590
2486.8,3551
2486.9,3583
2487.0,3526
2487.1,3567
2487.2,3609
2487.3,3632
2487.4,3575
2487.5,3570
2487.6,3578
2487.7,3602
2487.8,3670
2487.9,3646
2488.0,3646
2488.1,3632
2488.2,3690
2488.3,3574
2488.4,3614
2488.5,3714
2488.6,3703
2488.7,3645
2488.8,3652
2488.9,3588
2489.0,3657
2489.1,3733
2489.2,3667
2489.3,3618
2489.4,3661
2489.5,3722
2489.6,3711
2489.7,3741
2489.8,3642
2489.9,3765
2490.0,3704
2490.1,3773
2490.2,3697
2490.3,3597
2490.4,3733
2490.5,3897
2490.6,3817
2490.7,3734
2490.8,3852
2490.9,3776
2491.0,3708
2491.1,3834
2491.2,3741
2491.3,3826
2491.4,3825
2491.5,3868
2491.6,3852
2491.7,3783
2491.8,3738
2491.9,3755
2492.0,3856
2492.1,3978
2492.2,3929
2492.3,3757
2492.4,3955
2492.5,3966
2492.6,3923
2492.7,3941
2492.8,3994
2492.9,4024
2493.0,4000
2493.1,3937
2493.2,3966
2493.3,3889
2493.4,4063
2493.5,3863
2493.6,3873
2493.7,4012
2493.8,3944
2493.9,4086
2494.0,3944
2494.1,4082
2494.2,4208
2494.3,4144
2494.4,4057
2494.5,4079
2494.6,4060
2494.7,4186
2494.8,4085
2494.9,4055
2495.0,4137
2495.1,4109
2495.2,4295
2495.3,4223
2495.4,4188
2495.5,4221
2495.6,4262
2495.7,4342
2495.8,4276
2495.9,4149
2496.0,4251
2496.1,4355
2496.2,4403
2496.3,4203
2496.4,4290
2496.5,4225
2496.6,4266
2496.7,4282
2496.8,4362
2496.9,4227
2497.0,4306
2497.1,4396
2497.2,4336
2497.3,4467
2497.4,4456
2497.5,4599
2497.6,4473
2497.7,4461
2497.8,4321
2497.9,4480
2498.0,4511
2498.1,4437
2498.2,4368
2498.3,4507
2498.4,4589
2498.5,4496
2498.6,4421
2498.7,4509
2498.8,4519
2498.9,4564
2499.0,4548
2499.1,4615
2499.2,4564
2499.3,4524
2499.4,4484
2499.5,4538
2499.6,4560
2499.7,4409
2499.8,4545
2499.9,4657
2500.0,4688
