incident_energy,raw_xas,cleaned_xas
2450.002896905791,1550,284
2450.100634152391,1565,271
2450.202687935661,1599,338
2450.3006515747684,1539,283
2450.403324341785,1515,284
2450.5009277883646,1500,318
2450.600698351668,1452,251
2450.7008759742653,1583,317
2450.8006780210253,1555,271
2450.900887255658,1480,310
2451.0034615462982,1505,270
2451.1009616529636,1466,268
2451.2008266972116,1468,271
2451.3010991866167,1439,252
2451.403934117087,1459,250
2451.5007121113536,1393,318
2451.600836054027,1430,270
2451.7011717772207,1341,231
2451.804071557678,1450,280
2451.901106627941,1425,266
2452.00109766612,1462,268
2452.101104449571,1425,268
2452.20112698084,1403,254
2452.301165262473,1419,253
2452.401023097221,1403,272
2452.5010928563283,1370,283
2452.6011783734384,1434,292
2452.701279651099,1397,219
2452.80139669186,1454,284
2452.9011367898047,1367,223
2453.0040346998294,1422,280
2453.101056754175,1360,291
2453.201040302326,1408,305
2453.3008430868917,1439,242
2453.401054543247,1441,278
2453.5010852410946,1439,292
2453.60093509032,1422,255
2453.701193804263,1398,274
2453.801075042603,1461,262
2453.9009719484598,1362,295
2454.0008845243624,1387,250
2454.1010094974454,1403,273
2454.2011502074083,1417,255
2454.301109870342,1428,260
2454.4008883961847,1396,268
2454.5010762392494,1414,284
2454.60088607127,1399,247
2454.701105349081,1463,237
2454.8011434381724,1399,253
2454.901000248411,1400,259
2455.0010696947916,1436,276
2455.1009578056405,1416,230
2455.201058619427,1405,226
2455.3013722314136,1419,297
2455.401110232298,1517,332
2455.5012581316346,1404,289
2455.601027365802,1377,267
2455.701403845696,1511,272
2455.801204354035,1458,298
2455.901415018008,1454,254
2456.001049468433,1440,220
2456.101291483485,1392,298
2456.201154477951,1449,280
2456.3010330771135,1421,260
2456.4011247183194,1444,248
2456.501034565265,1443,286
2456.601157521055,1466,222
2456.7050491879786,1411,245
2456.801252906328,1464,273
2456.901027689801,1436,269
2457.0014108943187,1461,223
2457.1049722750295,1399,302
2457.201236141216,1471,275
2457.3010733055016,1448,287
2457.401123784072,1384,264
2457.5013876721378,1420,297
2457.601073842976,1383,236
2457.701369039239,1468,292
2457.801284205242,1441,284
2457.901412852575,1473,283
2458.0013592183445,1420,325
2458.1013211723316,1460,324
2458.201298717045,1405,300
2458.3010938333696,1390,272
2458.4013005886873,1445,328
2458.5011268372373,1427,307
2458.601364853352,1455,298
2458.701420389347,1416,321
2458.8012933550335,1440,303
2458.9013800742123,1454,295
2459.001085928539,1412,258
2459.101402078739,1457,309
2459.201337307327,1490,305
2459.3010897620143,1478,328
2459.4012544366633,1467,271
2459.501037950209,1407,297
2459.601233812226,1511,367
2459.7010483946196,1463,312
2459.801275454036,1466,322
2459.9011211152724,1526,300
2460.0011808354498,1444,332
2460.101057554682,1532,297
2460.201148399603,1538,346
2460.301056186814,1496,342
2460.4011781664844,1417,341
2460.5009183306456,1518,318
2460.6010714241434,1516,335
2460.701041346412,1483,364
2460.8014243884513,1603,340
2460.9010277903017,1515,298
2461.0010443169144,1552,316
2461.101076383301,1539,309
2461.201322909247,1564,367
2461.3013860935816,1548,340
2461.4010668670367,1503,354
2461.5013600965444,1563,364
2461.6012708583908,1546,341
2461.700998041526,1595,359
2461.8013379661147,1559,338
2461.901295245222,1565,378
2462.001268024772,1641,370
2462.10125630725,1713,434
2462.2012600951457,1636,338
2462.3012793909497,1634,381
2462.401314197149,1633,327
2462.50116519739,1703,386
2462.601430350702,1707,394
2462.7009135612107,1665,333
2462.801209752617,1676,372
2462.9011226439297,1657,389
2463.001050998784,1667,380
2463.1011943237913,1635,373
2463.201153644045,1767,390
2463.3011284352847,1624,365
2463.401118699991,1709,371
2463.501523696177,1720,380
2463.6011456597334,1776,426
2463.7013820492684,1724,395
2463.8016339840774,1753,370
2463.901302212412,1725,413
2464.0013853700584,1789,397
2464.101084392354,1898,402
2464.2013983163324,1947,443
2464.3013280481305,1886,458
2464.4012732164224,1901,380
2464.501633697114,1921,426
2464.6016098075834,2008,457
2464.7016013619777,1958,391
2464.8012083039944,1952,434
2464.901430752119,1950,409
2465.0010684399685,1928,458
2465.1013218240932,1951,456
2465.2011904204865,2006,464
2465.301074413873,2076,535
2465.4061794076406,2060,469
2465.5012890925746,2112,527
2465.601419629984,2046,527
2465.701165021232,2010,498
2465.8013264365923,2111,513
2465.901302956361,2222,577
2466.0010944903424,2035,536
2466.1013022411657,2127,558
2466.2013250111368,2095,578
2466.3013632027796,2209,644
2466.4012162948898,2081,599
2466.501084751838,2161,589
2466.601369746921,2232,660
2466.7012690026454,2206,595
2466.801384277836,2259,653
2466.9011136332037,2212,683
2467.0012597219593,2272,786
2467.1014212521404,2400,723
2467.201397455316,2231,737
2467.301389043015,2449,862
2467.401596850397,2365,819
2467.5014183818244,2370,869
2467.6010543490142,2442,832
2467.7013083628926,2465,939
2467.801175922983,2514,988
2467.9010588205774,2507,1012
2468.00115807608,2603,1093
2468.100870638077,2537,1009
2468.201402802185,2719,1094
2468.301146056233,2700,1120
2468.401105739877,2758,1233
2468.5010807757426,2646,1189
2468.6010711662807,2846,1345
2468.7012781482376,2944,1408
2468.8010980211943,3016,1497
2468.9013357865883,2926,1573
2469.001186324256,3080,1674
2469.101052167095,3329,1966
2469.2013360951114,3423,1975
2469.301434037105,3397,2101
2469.401345902737,3613,2154
2469.5010716018282,3681,2356
2469.605648869506,3947,2707
2469.701374942495,3961,2789
2469.801146539294,4358,3059
2469.9015382144853,4304,3177
2470.0015420683517,4658,3509
2470.1015612518618,4884,3808
2470.201394069546,5237,4182
2470.3016456176047,5584,4558
2470.4013072852767,6042,4990
2470.5013877499878,6299,5445
2470.6012817350797,6284,5376
2470.7011910026877,6573,5739
2470.8011155552467,6833,5964
2470.9012573093364,7133,6271
2471.001414415098,7047,6163
2471.1013848989314,7252,6336
2471.2013706774796,7419,6299
2471.301371753182,7464,6556
2471.401186059771,7545,6564
2471.506068114395,7354,6301
2471.6010625265953,7384,6315
2471.701124753474,7579,6554
2471.801202289703,7675,6571
2471.9010929145174,7564,6471
2472.001201045841,7596,6437
2472.1013244938435,7663,6527
2472.2010586290644,7650,6514
2472.30121265585,7614,6402
2472.401382006641,7582,6419
2472.5013642751455,7408,6246
2472.6013618106726,7301,6206
2472.7015770862145,7383,6159
2472.801402692529,7674,6386
2472.9012435113905,7473,6226
2473.0010995452194,7491,6139
2473.1060356669554,7266,5957
2473.201059892409,7553,6220
2473.3013669283814,7399,6042
2473.4010812521155,7413,6044
2473.5014188943906,7022,5707
2473.6011636437815,7157,5772
2473.701126342897,7082,5714
2473.801104276379,7122,5665
2473.900894605325,7030,5639
2474.0011058561413,6949,5506
2474.1066079162715,6854,5378
2474.201168402479,6688,5288
2474.301425509257,6535,5138
2474.401088938871,6343,4897
2474.501173549921,6363,4858
2474.601070356991,6001,4591
2474.701185447086,6106,4600
2474.8009095566795,5987,4527
2474.901258255062,5992,4693
2475.0012159159437,5835,4586
2475.1011887808813,5747,4465
2475.2011768522925,5801,4416
2475.3011801325983,5772,4425
2475.4011986242167,5722,4348
2475.5014356656015,5530,4152
2475.6010778841737,5596,4201
2475.7011419933206,5614,4215
2475.80122132346,5672,4338
2475.901112417358,5664,4373
2476.001222165801,5740,4458
2476.1013471425013,5675,4476
2476.2010802450345,5823,4595
2476.301439206951,5683,4542
2476.406292998861,5934,4812
2476.501388444468,5900,4796
2476.601182153651,5891,4843
2476.7009909819476,5872,4885
2476.8012224074387,5946,5002
2476.9010615428942,5947,5101
2477.00091580467,5799,4980
2477.1011928563353,5994,5249
2477.200873578218,6015,5338
2477.3013849415906,5938,5286
2477.4012998562225,5997,5388
2477.501637817992,5994,5463
2477.6013790881943,6047,5548
2477.7013394559804,5938,5509
2477.8013149693293,5976,5589
2477.9013056306444,6010,5636
2478.006005964976,5895,5580
2478.1015365467083,5848,5585
2478.2011643556643,5901,5654
2478.301624005466,5764,5578
2478.4012820082658,5810,5645
2478.5013635769665,5717,5570
2478.6014603104777,5795,5675
2478.7013678857616,5855,5733
2478.8012905688174,5715,5614
2478.9014327492887,5708,5594
2479.0015901042025,5575,5508
2479.1013537376443,5732,5641
2479.201336906669,5458,5398
2479.306038963794,5451,5367
2479.401348606402,5745,5669
2479.501172569141,5630,5565
2479.6014208043744,5597,5536
2479.701070326972,5513,5434
2479.8013488541947,5621,5565
2479.901437880993,5661,5592
2480.0011325895402,5460,5401
2480.1014565882742,5573,5517
2480.201181422455,5382,5319
2480.3068610849023,5442,5383
2480.4012907065794,5490,5423
2480.501470464867,5417,5360
2480.6012555481307,5575,5516
2480.7012606048834,5474,5427
2480.801075780717,5499,5440
2480.901110996607,5363,5309
2481.0011613111183,5392,5328
2481.1012267266447,5290,5239
2481.201102147107,5277,5222
2481.3014028703246,5283,5227
2481.4011032825424,5332,5269
2481.5012290641484,5269,5217
2481.6013699587375,5227,5170
2481.701115462407,5235,5180
2481.801081244156,5126,5069
2481.9012673991233,5207,5152
2482.0014686766526,5279,5224
2482.101068948491,5009,4950
2482.2010949775813,5251,5201
2482.3013415131704,5277,5229
2482.401192241545,5102,5055
2482.5014689817917,5142,5085
2482.606899170158,5125,5073
2482.701451187755,5173,5129
2482.8013620660263,5019,4962
2482.9012879645443,5074,5013
2483.0014345409286,5152,5107
2483.1011848318226,4952,4902
2483.201361522421,5086,5040
2483.301347556614,5017,4964
2483.401142843995,5197,5155
2483.501158913897,5086,5035
2483.6013958615113,4935,4901
2483.7016479103504,5097,5053
2483.8012973544396,5218,5167
2483.905904141911,5011,4966
2484.0016708289445,5060,5011
2484.1011592001887,5084,5032
2484.201280516338,5114,5056
2484.3014168860327,5184,5139
2484.401362223303,5117,5070
2484.5011164377643,5025,4984
2484.6012978894196,5027,4980
2484.7010820419346,5091,5043
2484.801293560105,5024,4974
2484.901313903089,5056,5011
2485.001142980432,4983,4937
2485.101193311351,5060,5022
2485.2014649910748,5068,5020
2485.30113264785,5067,5022
2485.4012279939175,5052,5020
2485.5011319315204,5019,4974
2485.6010508297263,5089,5038
2485.701191181305,5001,4970
2485.80134656012,5172,5107
2485.900897311572,4997,4947
2486.001082658999,5077,5029
2486.1012830407803,5136,5093
2486.2010851689556,5029,4983
2486.3011088884755,5206,5164
2486.401147587509,5069,5020
2486.500994530495,5084,5038
2486.6010631646946,4964,4918
2486.701353585359,5012,4971
2486.801452226116,5044,4987
2486.901152134678,5054,5012
2487.001487591261,4960,4921
2487.101424258481,4968,4924
2487.201168907665,5054,5003
2487.301342404881,4955,4922
2487.401116872335,5070,5026
2487.50111326889,4991,4957
2487.6013316897292,5002,4966
2487.70115090223,4907,4857
2487.801192143731,5019,4979
2487.90145550946,4995,4946
2488.0013194881913,5069,5021
2488.1014055958703,5103,5045
2488.20129939962,5007,4966
2488.301208103948,5004,4954
2488.401131711201,4896,4866
2488.501484937407,4931,4881
2488.601231031615,5128,5070
2488.7011993926712,4959,4920
2488.801182666053,5009,4965
2488.9011808541104,5063,5017
2489.001193959195,5080,5040
2489.1014295261884,4951,4901
2489.2014725033414,4874,4824
2489.30111519573,5045,5001
2489.401395596833,5202,5157
2489.501275655993,4998,4952
2489.601378281655,5161,5112
2489.70128811257,5142,5097
2489.801212817419,5025,4984
2489.901360188637,5054,5013
2490.0011068582817,5145,5096
2490.101491902983,4990,4938
2490.2014761888713,5156,5110
2490.3012674464853,4973,4921
2490.4014894199554,4995,4936
2490.5013103939964,4890,4842
2490.6011461988624,5061,5016
2490.7014129122413,5093,5046
2490.801486516253,5134,5085
2490.901366920322,4981,4930
2491.0014702951407,5068,5019
2491.10117225129,5013,4958
2491.201097182857,5052,5003
2491.3014534083995,4996,4949
2491.401408098514,5010,4965
2491.5011693551564,5115,5077
2491.6011537203535,5081,5036
2491.701361289288,4911,4865
2491.801167022632,5100,5064
2491.9009875553093,5014,4967
2492.001448209783,4974,4935
2492.1012984408244,4977,4938
2492.201371980183,5056,5011
2492.3012518571095,4958,4923
2492.4011465450126,4923,4874
2492.501473235945,4988,4940
2492.6013976146473,4955,4909
2492.7011281545506,5211,5165
2492.8012908282826,5221,5173
2492.901259667873,5148,5105
2493.0012433324173,5033,4991
2493.101450604875,5091,5044
2493.206266641733,5029,4986
2493.3017009842547,5092,5042
2493.4013262867356,5176,5118
2493.5053533076994,5118,5063
2493.601665709708,5065,5015
2493.701335312296,5248,5199
2493.805408591087,5266,5213
2493.9013457641076,4995,4946
2494.0016868037524,5196,5149
2494.101415485059,5211,5156
2494.20534133094,5200,5141
2494.3013353416063,5187,5133
2494.401108279095,5199,5148
2494.5011051666356,5258,5215
2494.601326099431,5227,5181
2494.7011433448433,5229,5177
2494.8011846401596,5170,5116
2494.90145008063,5210,5173
2495.00110228601,5216,5151
2495.1062135926786,5168,5123
2495.2014979171013,5293,5249
2495.3014038100714,5239,5185
2495.401324459975,5367,5325
2495.501469392824,5346,5303
2495.6014195944836,5276,5223
2495.7011749744192,5335,5276
2495.8013642917576,5287,5240
2495.9013587920053,5399,5340
2496.0013680630814,5437,5386
2496.101392107304,5348,5291
2496.2014309269894,5335,5280
2496.3016942959516,5438,5385
2496.4013430996097,5575,5526
2496.5014262286054,5354,5309
2496.601314277995,5371,5325
2496.7012170525,5337,5281
2496.8011345544273,5539,5486
2496.901486700488,5421,5362
2497.0014337260864,5480,5438
2497.1009754478164,5349,5290
2497.206203153036,5431,5368
2497.3011531371712,5488,5438
2497.40115908307,5430,5381
2497.501179772558,5432,5377
2497.601215207944,5605,5545
2497.70126539154,5474,5419
2497.801120089746,5444,5393
2497.901199745703,5544,5481
2498.001504454712,5585,5520
2498.1011929965093,5607,5552
2498.201106534031,5522,5462
2498.3071361297325,5683,5623
2498.4013985551856,5565,5507
2498.5011458091494,5637,5576
2498.6011181919025,5498,5435
2498.701105283981,5502,5447
2498.801107087689,5641,5581
2498.905966883916,5509,5451
2499.0011548392063,5606,5546
2499.106045495589,5581,5530
2499.201261464886,5769,5709
2499.3011261607885,5702,5622
2499.4012162516565,5648,5590
2499.501321070284,5567,5510
2499.601440618979,5769,5710
2499.7011532511333,5636,5572
2499.8015130602857,5741,5685
2499.9012550091165,5672,5615
2500.0012224906854,5743,5673
